{"cameraMode":{"drawMode":2,"name":"Shaded Wireframe","section":"Shading Mode"},"sceneLighting":true,"audioPlay":false,"sceneViewState":{"showFog":true,"showMaterialUpdate":false,"showSkybox":true,"showFlares":true,"showImageEffects":true,"showParticleSystems":true},"in2DMode":false,"pivot":{"x":48.594383239746097,"y":2.9420013427734377,"z":21.627016067504884},"rotation":{"x":0.47657039761543276,"y":0.11309131234884262,"z":-0.06196065992116928,"w":0.8696457147598267},"size":41.07988739013672,"orthographic":false}